番号,組織名,親組織名,役職,役職区分,氏名,性別,血液型,role
1,社長室,なし,代表取締役,幹部,山田太郎,男,A,root
2,社長室,社長室,副社長,幹部,佐藤次郎,男,B,assistant
3,社長室,社長室,専務取締役,幹部,鈴木一郎,男,O,assistant
4,社長室,社長室,常務取締役,幹部,高橋健,男,AB,assistant
5,社長室,社長室,社長秘書,平社員,田中花子,女,A,assistant
6,開発本部,社長室,本部長,幹部,伊藤博,男,O,normal
7,開発本部,開発本部,副本部長,幹部,渡辺裕子,女,A,assistant
8,営業本部,社長室,本部長,幹部,小林修,男,B,normal
9,営業本部,営業本部,副本部長,幹部,加藤美咲,女,O,assistant
10,管理本部,社長室,本部長,幹部,吉田茂,男,A,normal
11,経営企画室,社長室,室長,幹部,中村智,男,AB,normal
12,システム開発部,開発本部,部長,幹部,山本健太,男,O,normal
13,アプリ開発部,開発本部,部長,幹部,木村拓,男,A,normal
14,インフラ推進部,開発本部,部長,幹部,林翔太,男,B,normal
15,国内営業第一部,営業本部,部長,幹部,清水誠,男,O,normal
16,国内営業第二部,営業本部,部長,幹部,山口莉子,女,A,normal
17,海外営業部,営業本部,部長,幹部,松本潤,男,AB,normal
18,人事総務部,管理本部,部長,幹部,井上翔,男,A,normal
19,経理財務部,管理本部,部長,幹部,斎藤明,男,O,normal
20,第一開発課,システム開発部,課長,幹部,橋本環奈,女,AB,normal
21,第一開発課,システム開発部,主任,平社員,阿部寛,男,A,normal
22,第一開発課,システム開発部,一般,平社員,石川遼,男,O,normal
23,第一開発課,システム開発部,一般,平社員,小川彩,女,B,normal
24,第二開発課,システム開発部,課長,幹部,藤田ニコル,女,A,normal
25,第二開発課,システム開発部,主任,平社員,岡田准一,男,O,normal
26,第二開発課,システム開発部,一般,平社員,村上信五,男,AB,normal
27,第二開発課,システム開発部,一般,平社員,中島健人,男,A,normal
28,iOSアプリ課,アプリ開発部,課長,幹部,前田敦子,女,O,normal
29,iOSアプリ課,アプリ開発部,主任,平社員,大島優子,女,B,normal
30,iOSアプリ課,アプリ開発部,一般,平社員,篠田麻里子,女,A,normal
31,iOSアプリ課,アプリ開発部,一般,平社員,指原莉乃,女,O,normal
32,Android課,アプリ開発部,課長,幹部,高橋みなみ,女,AB,normal
33,Android課,アプリ開発部,一般,平社員,小嶋陽菜,女,A,normal
34,Android課,アプリ開発部,一般,平社員,板野友美,女,O,normal
35,サーバー管理課,インフラ推進部,課長,幹部,櫻井翔,男,A,normal
36,サーバー管理課,インフラ推進部,主任,平社員,相葉雅紀,男,AB,normal
37,サーバー管理課,インフラ推進部,一般,平社員,二宮和也,男,A,normal
38,ネットワーク課,インフラ推進部,課長,幹部,大野智,男,O,normal
39,ネットワーク課,インフラ推進部,一般,平社員,松本潤,男,B,normal
40,東日本営業課,国内営業第一部,課長,幹部,有吉弘行,男,A,normal
41,東日本営業課,国内営業第一部,主任,平社員,マツコ,女,O,normal
42,東日本営業課,国内営業第一部,一般,平社員,夏目三久,女,B,normal
43,東日本営業課,国内営業第一部,一般,平社員,水卜麻美,女,AB,normal
44,西日本営業課,国内営業第二部,課長,幹部,明石家さんま,男,B,normal
45,西日本営業課,国内営業第二部,主任,平社員,ダウンタウン,男,A,normal
46,西日本営業課,国内営業第二部,一般,平社員,ウッチャン,男,O,normal
47,北米営業課,海外営業部,課長,幹部,渡辺謙,男,A,normal
48,北米営業課,海外営業部,一般,平社員,真田広之,男,AB,normal
49,欧州営業課,海外営業部,課長,幹部,浅野忠信,男,A,normal
50,欧州営業課,海外営業部,一般,平社員,役所広司,男,O,normal
51,採用課,人事総務部,課長,幹部,新垣結衣,女,A,normal
52,採用課,人事総務部,主任,平社員,星野源,男,AB,normal
53,採用課,人事総務部,一般,平社員,石原さとみ,女,A,normal
54,労務課,人事総務部,課長,幹部,綾瀬はるか,女,B,normal
55,労務課,人事総務部,一般,平社員,長澤まさみ,女,O,normal
56,経理課,経理財務部,課長,幹部,北川景子,女,O,normal
57,経理課,経理財務部,主任,平社員,戸田恵梨香,女,AB,normal
58,財務戦略課,経理財務部,課長,幹部,堀北真希,女,B,normal
59,財務戦略課,経理財務部,一般,平社員,新木優子,女,A,normal
60,経営企画課,経営企画室,課長,幹部,菅田将暉,男,A,normal
61,経営企画課,経営企画室,一般,平社員,吉沢亮,男,B,normal
62,新規事業課,経営企画室,課長,幹部,山崎賢人,男,A,normal
63,新規事業課,経営企画室,一般,平社員,横浜流星,男,O,normal
64,第一開発課,システム開発部,一般,平社員,本田翼,女,B,normal
65,第二開発課,システム開発部,一般,平社員,広瀬すず,女,AB,normal
66,iOSアプリ課,アプリ開発部,一般,平社員,橋本環奈,女,A,normal
67,Android課,アプリ開発部,一般,平社員,浜辺美波,女,O,normal
68,サーバー管理課,インフラ推進部,一般,平社員,今田美桜,女,A,normal
69,ネットワーク課,インフラ推進部,一般,平社員,森七菜,女,B,normal
70,東日本営業課,国内営業第一部,一般,平社員,川口春奈,女,O,normal
71,西日本営業課,国内営業第二部,一般,平社員,永野芽郁,女,AB,normal
72,北米営業課,海外営業部,一般,平社員,吉高由里子,女,A,normal
73,欧州営業課,海外営業部,一般,平社員,有村架純,女,O,normal
74,採用課,人事総務部,一般,平社員,上白石萌音,女,B,normal
75,労務課,人事総務部,一般,平社員,上白石萌歌,女,A,normal
76,経理課,経理財務部,一般,平社員,高畑充希,女,O,normal
77,財務戦略課,経理財務部,一般,平社員,波瑠,女,AB,normal
78,経営企画課,経営企画室,一般,平社員,清原果耶,女,A,normal
79,新規事業課,経営企画室,一般,平社員,小芝風花,女,B,normal
80,第一開発課,システム開発部,一般,平社員,福原遥,女,O,normal
81,第二開発課,システム開発部,一般,平社員,芳根京子,女,A,normal
82,iOSアプリ課,アプリ開発部,一般,平社員,松岡茉優,女,AB,normal
83,Android課,アプリ開発部,一般,平社員,土屋太鳳,女,O,normal
84,サーバー管理課,インフラ推進部,一般,平社員,広瀬アリス,女,B,normal
85,ネットワーク課,インフラ推進部,一般,平社員,杉咲花,女,A,normal
86,東日本営業課,国内営業第一部,一般,平社員,二階堂ふみ,女,O,normal
87,西日本営業課,国内営業第二部,一般,平社員,中条あやみ,女,A,normal
88,北米営業課,海外営業部,一般,平社員,池田エライザ,女,AB,normal
89,欧州営業課,海外営業部,一般,平社員,山本舞香,女,O,normal
90,採用課,人事総務部,一般,平社員,白石麻衣,女,B,normal
91,労務課,人事総務部,一般,平社員,西野七瀬,女,A,normal
92,経理課,経理財務部,一般,平社員,齋藤飛鳥,女,O,normal
93,財務戦略課,経理財務部,一般,平社員,生田絵梨花,女,AB,normal
94,経営企画課,経営企画室,一般,平社員,松村沙友理,女,A,normal
95,新規事業課,経営企画室,一般,平社員,秋元真夏,女,O,normal
96,第一開発課,システム開発部,一般,平社員,桜井玲香,女,B,normal
97,第二開発課,システム開発部,一般,平社員,若月佑美,女,A,normal
98,iOSアプリ課,アプリ開発部,一般,平社員,星野みなみ,女,O,normal
99,Android課,アプリ開発部,一般,平社員,堀未央奈,女,AB,normal
100,サーバー管理課,インフラ推進部,一般,平社員,与田祐希,女,A,normal